Alabama,Alaska,518
Alabama,Arizona,2801
Alabama,Arkansas,438
Alabama,California,4591
Alabama,Colorado,3597
Alabama,Connecticut,1054
Alabama,Delaware,39
Alabama,District of Columbia ,174
Alabama,Florida,12870
Alabama,Georgia,15589
Alabama,Hawaii,484
Alabama,Idaho,84
Alabama,Illinois,1280
Alabama,Indiana,966
Alabama,Iowa,148
Alabama,Kansas,476
Alabama,Kentucky,2055
Alabama,Louisiana,1462
Alabama,Maine,0
Alabama,Maryland,647
Alabama,Massachusetts,483
Alabama,Michigan,537
Alabama,Minnesota,976
Alabama,Mississippi,8401
Alabama,Missouri,2378
Alabama,Montana,540
Alabama,Nebraska,268
Alabama,Nevada,397
Alabama,New Hampshire,158
Alabama,New Jersey,147
Alabama,New Mexico,1099
Alabama,New York,1395
Alabama,North Carolina,3287
Alabama,North Dakota,4
Alabama,Ohio,1744
Alabama,Oklahoma,541
Alabama,Oregon,315
Alabama,Pennsylvania,1202
Alabama,Rhode Island,183
Alabama,South Carolina,4636
Alabama,South Dakota,84
Alabama,Tennessee,8547
Alabama,Texas,5945
Alabama,Utah,315
Alabama,Vermont,124
Alabama,Virginia,3426
Alabama,Washington,495
Alabama,West Virginia,83
Alabama,Wisconsin,572
Alabama,Wyoming,639
Alaska,Alabama,419
Alaska,Arizona,2743
Alaska,Arkansas,413
Alaska,California,2155
Alaska,Colorado,2102
Alaska,Connecticut,8
Alaska,Delaware,0
Alaska,District of Columbia ,0
Alaska,Florida,1388
Alaska,Georgia,917
Alaska,Hawaii,1509
Alaska,Idaho,1179
Alaska,Illinois,1400
Alaska,Indiana,138
Alaska,Iowa,66
Alaska,Kansas,378
Alaska,Kentucky,115
Alaska,Louisiana,515
Alaska,Maine,47
Alaska,Maryland,485
Alaska,Massachusetts,241
Alaska,Michigan,1025
Alaska,Minnesota,363
Alaska,Mississippi,191
Alaska,Missouri,882
Alaska,Montana,986
Alaska,Nebraska,34
Alaska,Nevada,458
Alaska,New Hampshire,45
Alaska,New Jersey,67
Alaska,New Mexico,197
Alaska,New York,415
Alaska,North Carolina,1562
Alaska,North Dakota,112
Alaska,Ohio,1200
Alaska,Oklahoma,661
Alaska,Oregon,4317
Alaska,Pennsylvania,553
Alaska,Rhode Island,0
Alaska,South Carolina,715
Alaska,South Dakota,0
Alaska,Tennessee,1137
Alaska,Texas,2375
Alaska,Utah,494
Alaska,Vermont,0
Alaska,Virginia,1235
Alaska,Washington,3520
Alaska,West Virginia,0
Alaska,Wisconsin,484
Alaska,Wyoming,0
Arizona,Alabama,1915
Arizona,Alaska,910
Arizona,Arkansas,602
Arizona,California,33670
Arizona,Colorado,7987
Arizona,Connecticut,1204
Arizona,Delaware,115
Arizona,District of Columbia ,204
Arizona,Florida,4542
Arizona,Georgia,2255
Arizona,Hawaii,2167
Arizona,Idaho,3852
Arizona,Illinois,5818
Arizona,Indiana,3009
Arizona,Iowa,2021
Arizona,Kansas,1801
Arizona,Kentucky,1480
Arizona,Louisiana,276
Arizona,Maine,765
Arizona,Maryland,2240
Arizona,Massachusetts,1554
Arizona,Michigan,4028
Arizona,Minnesota,2176
Arizona,Mississippi,674
Arizona,Missouri,2009
Arizona,Montana,1787
Arizona,Nebraska,1351
Arizona,Nevada,6999
Arizona,New Hampshire,704
Arizona,New Jersey,1626
Arizona,New Mexico,3284
Arizona,New York,3541
Arizona,North Carolina,2622
Arizona,North Dakota,530
Arizona,Ohio,2432
Arizona,Oklahoma,3631
Arizona,Oregon,7736
Arizona,Pennsylvania,3269
Arizona,Rhode Island,50
Arizona,South Carolina,1460
Arizona,South Dakota,241
Arizona,Tennessee,2886
Arizona,Texas,18628
Arizona,Utah,6827
Arizona,Vermont,205
Arizona,Virginia,4162
Arizona,Washington,14252
Arizona,West Virginia,272
Arizona,Wisconsin,2883
Arizona,Wyoming,934
Arkansas,Alabama,1051
Arkansas,Alaska,722
Arkansas,Arizona,1487
Arkansas,California,2573
Arkansas,Colorado,1442
Arkansas,Connecticut,51
Arkansas,Delaware,0
Arkansas,District of Columbia ,0
Arkansas,Florida,3239
Arkansas,Georgia,1900
Arkansas,Hawaii,0
Arkansas,Idaho,496
Arkansas,Illinois,1188
Arkansas,Indiana,1271
Arkansas,Iowa,410
Arkansas,Kansas,1507
Arkansas,Kentucky,397
Arkansas,Louisiana,1653
Arkansas,Maine,0
Arkansas,Maryland,785
Arkansas,Massachusetts,222
Arkansas,Michigan,755
Arkansas,Minnesota,621
Arkansas,Mississippi,696
Arkansas,Missouri,8166
Arkansas,Montana,19
Arkansas,Nebraska,236
Arkansas,Nevada,49
Arkansas,New Hampshire,569
Arkansas,New Jersey,0
Arkansas,New Mexico,352
Arkansas,New York,52
Arkansas,North Carolina,1897
Arkansas,North Dakota,464
Arkansas,Ohio,583
Arkansas,Oklahoma,8526
Arkansas,Oregon,436
Arkansas,Pennsylvania,1486
Arkansas,Rhode Island,0
Arkansas,South Carolina,1382
Arkansas,South Dakota,0
Arkansas,Tennessee,4841
Arkansas,Texas,14377
Arkansas,Utah,896
Arkansas,Vermont,0
Arkansas,Virginia,1002
Arkansas,Washington,953
Arkansas,West Virginia,288
Arkansas,Wisconsin,292
Arkansas,Wyoming,392
California,Alabama,2659
California,Alaska,3455
California,Arizona,68516
California,Arkansas,3728
California,Colorado,28288
California,Connecticut,3870
California,Delaware,551
California,District of Columbia ,3803
California,Florida,26888
California,Georgia,16745
California,Hawaii,10456
California,Idaho,21018
California,Illinois,16518
California,Indiana,6811
California,Iowa,4408
California,Kansas,5660
California,Kentucky,2052
California,Louisiana,5743
California,Maine,850
California,Maryland,7924
California,Massachusetts,13901
California,Michigan,11239
California,Minnesota,4915
California,Mississippi,2066
California,Missouri,8156
California,Montana,4991
California,Nebraska,4148
California,Nevada,50707
California,New Hampshire,1263
California,New Jersey,9613
California,New Mexico,7524
California,New York,25255
California,North Carolina,17536
California,North Dakota,1040
California,Ohio,8799
California,Oklahoma,8330
California,Oregon,43058
California,Pennsylvania,11568
California,Rhode Island,2219
California,South Carolina,12103
California,South Dakota,2073
California,Tennessee,9682
California,Texas,86164
California,Utah,18025
California,Vermont,1380
California,Virginia,21210
California,Washington,55467
California,West Virginia,524
California,Wisconsin,6642
California,Wyoming,1604
Colorado,Alabama,1672
Colorado,Alaska,1847
Colorado,Arizona,11517
Colorado,Arkansas,3255
Colorado,California,18755
Colorado,Connecticut,1105
Colorado,Delaware,0
Colorado,District of Columbia ,336
Colorado,Florida,15746
Colorado,Georgia,3497
Colorado,Hawaii,3164
Colorado,Idaho,1505
Colorado,Illinois,3208
Colorado,Indiana,4695
Colorado,Iowa,4856
Colorado,Kansas,3808
Colorado,Kentucky,1643
Colorado,Louisiana,2397
Colorado,Maine,840
Colorado,Maryland,1168
Colorado,Massachusetts,1174
Colorado,Michigan,3337
Colorado,Minnesota,2605
Colorado,Mississippi,284
Colorado,Missouri,8782
Colorado,Montana,2921
Colorado,Nebraska,4835
Colorado,Nevada,3724
Colorado,New Hampshire,385
Colorado,New Jersey,1505
Colorado,New Mexico,4877
Colorado,New York,4553
Colorado,North Carolina,5471
Colorado,North Dakota,522
Colorado,Ohio,2216
Colorado,Oklahoma,4039
Colorado,Oregon,3292
Colorado,Pennsylvania,4822
Colorado,Rhode Island,504
Colorado,South Carolina,1622
Colorado,South Dakota,797
Colorado,Tennessee,5410
Colorado,Texas,21509
Colorado,Utah,4181
Colorado,Vermont,649
Colorado,Virginia,4557
Colorado,Washington,10122
Colorado,West Virginia,798
Colorado,Wisconsin,3321
Colorado,Wyoming,5632
Connecticut,Alabama,747
Connecticut,Alaska,0
Connecticut,Arizona,503
Connecticut,Arkansas,159
Connecticut,California,6366
Connecticut,Colorado,1498
Connecticut,Delaware,487
Connecticut,District of Columbia ,262
Connecticut,Florida,18291
Connecticut,Georgia,5574
Connecticut,Hawaii,114
Connecticut,Idaho,1905
Connecticut,Illinois,1911
Connecticut,Indiana,722
Connecticut,Iowa,23
Connecticut,Kansas,322
Connecticut,Kentucky,327
Connecticut,Louisiana,584
Connecticut,Maine,1734
Connecticut,Maryland,1890
Connecticut,Massachusetts,14224
Connecticut,Michigan,1388
Connecticut,Minnesota,342
Connecticut,Mississippi,0
Connecticut,Missouri,361
Connecticut,Montana,323
Connecticut,Nebraska,348
Connecticut,Nevada,198
Connecticut,New Hampshire,1298
Connecticut,New Jersey,2187
Connecticut,New Mexico,55
Connecticut,New York,14420
Connecticut,North Carolina,2702
Connecticut,North Dakota,0
Connecticut,Ohio,2510
Connecticut,Oklahoma,0
Connecticut,Oregon,157
Connecticut,Pennsylvania,3891
Connecticut,Rhode Island,4791
Connecticut,South Carolina,6800
Connecticut,South Dakota,0
Connecticut,Tennessee,1784
Connecticut,Texas,3762
Connecticut,Utah,720
Connecticut,Vermont,2251
Connecticut,Virginia,3254
Connecticut,Washington,1785
Connecticut,West Virginia,639
Connecticut,Wisconsin,614
Connecticut,Wyoming,12
Delaware,Alabama,826
Delaware,Alaska,0
Delaware,Arizona,49
Delaware,Arkansas,126
Delaware,California,1143
Delaware,Colorado,190
Delaware,Connecticut,1015
Delaware,District of Columbia ,182
Delaware,Florida,4124
Delaware,Georgia,520
Delaware,Hawaii,52
Delaware,Idaho,0
Delaware,Illinois,9
Delaware,Indiana,868
Delaware,Iowa,0
Delaware,Kansas,0
Delaware,Kentucky,389
Delaware,Louisiana,53
Delaware,Maine,29
Delaware,Maryland,5811
Delaware,Massachusetts,887
Delaware,Michigan,86
Delaware,Minnesota,0
Delaware,Mississippi,0
Delaware,Missouri,235
Delaware,Montana,0
Delaware,Nebraska,0
Delaware,Nevada,98
Delaware,New Hampshire,238
Delaware,New Jersey,1720
Delaware,New Mexico,0
Delaware,New York,1328
Delaware,North Carolina,1988
Delaware,North Dakota,0
Delaware,Ohio,996
Delaware,Oklahoma,0
Delaware,Oregon,0
Delaware,Pennsylvania,5999
Delaware,Rhode Island,0
Delaware,South Carolina,978
Delaware,South Dakota,0
Delaware,Tennessee,53
Delaware,Texas,1275
Delaware,Utah,61
Delaware,Vermont,0
Delaware,Virginia,1306
Delaware,Washington,131
Delaware,West Virginia,419
Delaware,Wisconsin,211
Delaware,Wyoming,0
District of Columbia ,Alabama,0
District of Columbia ,Alaska,74
District of Columbia ,Arizona,26
District of Columbia ,Arkansas,0
District of Columbia ,California,5063
District of Columbia ,Colorado,1119
District of Columbia ,Connecticut,506
District of Columbia ,Delaware,136
District of Columbia ,Florida,983
District of Columbia ,Georgia,571
District of Columbia ,Hawaii,768
District of Columbia ,Idaho,0
District of Columbia ,Illinois,1020
District of Columbia ,Indiana,32
District of Columbia ,Iowa,382
District of Columbia ,Kansas,350
District of Columbia ,Kentucky,175
District of Columbia ,Louisiana,196
District of Columbia ,Maine,235
District of Columbia ,Maryland,21093
District of Columbia ,Massachusetts,1557
District of Columbia ,Michigan,256
District of Columbia ,Minnesota,141
District of Columbia ,Mississippi,99
District of Columbia ,Missouri,461
District of Columbia ,Montana,0
District of Columbia ,Nebraska,100
District of Columbia ,Nevada,43
District of Columbia ,New Hampshire,95
District of Columbia ,New Jersey,1187
District of Columbia ,New Mexico,30
District of Columbia ,New York,2802
District of Columbia ,North Carolina,2031
District of Columbia ,North Dakota,53
District of Columbia ,Ohio,789
District of Columbia ,Oklahoma,0
District of Columbia ,Oregon,226
District of Columbia ,Pennsylvania,1336
District of Columbia ,Rhode Island,45
District of Columbia ,South Carolina,743
District of Columbia ,South Dakota,0
District of Columbia ,Tennessee,203
District of Columbia ,Texas,1059
District of Columbia ,Utah,149
District of Columbia ,Vermont,134
District of Columbia ,Virginia,11821
District of Columbia ,Washington,1837
District of Columbia ,West Virginia,328
District of Columbia ,Wisconsin,109
District of Columbia ,Wyoming,0
Florida,Alabama,14298
Florida,Alaska,1172
Florida,Arizona,6701
Florida,Arkansas,3966
Florida,California,22464
Florida,Colorado,14017
Florida,Connecticut,4563
Florida,Delaware,1122
Florida,District of Columbia ,1789
Florida,Georgia,51020
Florida,Hawaii,3085
Florida,Idaho,1406
Florida,Illinois,13561
Florida,Indiana,8650
Florida,Iowa,1931
Florida,Kansas,3991
Florida,Kentucky,7426
Florida,Louisiana,2878
Florida,Maine,2082
Florida,Maryland,11989
Florida,Massachusetts,9455
Florida,Michigan,12601
Florida,Minnesota,5720
Florida,Mississippi,3369
Florida,Missouri,7112
Florida,Montana,1263
Florida,Nebraska,1111
Florida,Nevada,4018
Florida,New Hampshire,3806
Florida,New Jersey,13591
Florida,New Mexico,2196
Florida,New York,24084
Florida,North Carolina,37585
Florida,North Dakota,1355
Florida,Ohio,15037
Florida,Oklahoma,5489
Florida,Oregon,3824
Florida,Pennsylvania,17029
Florida,Rhode Island,657
Florida,South Carolina,15772
Florida,South Dakota,2128
Florida,Tennessee,26724
Florida,Texas,37262
Florida,Utah,2743
Florida,Vermont,2105
Florida,Virginia,20272
Florida,Washington,8084
Florida,West Virginia,1722
Florida,Wisconsin,5593
Florida,Wyoming,1159
Georgia,Alabama,18433
Georgia,Alaska,565
Georgia,Arizona,3149
Georgia,Arkansas,929
Georgia,California,11753
Georgia,Colorado,8239
Georgia,Connecticut,2606
Georgia,Delaware,118
Georgia,District of Columbia ,647
Georgia,Florida,35350
Georgia,Hawaii,2192
Georgia,Idaho,436
Georgia,Illinois,4106
Georgia,Indiana,4525
Georgia,Iowa,140
Georgia,Kansas,1072
Georgia,Kentucky,3638
Georgia,Louisiana,5901
Georgia,Maine,235
Georgia,Maryland,3676
Georgia,Massachusetts,2988
Georgia,Michigan,1477
Georgia,Minnesota,727
Georgia,Mississippi,3358
Georgia,Missouri,1919
Georgia,Montana,892
Georgia,Nebraska,982
Georgia,Nevada,1511
Georgia,New Hampshire,533
Georgia,New Jersey,1817
Georgia,New Mexico,232
Georgia,New York,7994
Georgia,North Carolina,17020
Georgia,North Dakota,1194
Georgia,Ohio,5178
Georgia,Oklahoma,1590
Georgia,Oregon,1203
Georgia,Pennsylvania,4255
Georgia,Rhode Island,739
Georgia,South Carolina,16110
Georgia,South Dakota,968
Georgia,Tennessee,17439
Georgia,Texas,14235
Georgia,Utah,2665
Georgia,Vermont,170
Georgia,Virginia,7894
Georgia,Washington,5899
Georgia,West Virginia,582
Georgia,Wisconsin,2016
Georgia,Wyoming,40
Hawaii,Alabama,627
Hawaii,Alaska,1029
Hawaii,Arizona,591
Hawaii,Arkansas,468
Hawaii,California,12848
Hawaii,Colorado,3356
Hawaii,Connecticut,472
Hawaii,Delaware,0
Hawaii,District of Columbia ,124
Hawaii,Florida,3008
Hawaii,Georgia,2335
Hawaii,Idaho,0
Hawaii,Illinois,459
Hawaii,Indiana,47
Hawaii,Iowa,689
Hawaii,Kansas,564
Hawaii,Kentucky,402
Hawaii,Louisiana,1117
Hawaii,Maine,55
Hawaii,Maryland,892
Hawaii,Massachusetts,257
Hawaii,Michigan,496
Hawaii,Minnesota,241
Hawaii,Mississippi,489
Hawaii,Missouri,322
Hawaii,Montana,225
Hawaii,Nebraska,420
Hawaii,Nevada,4959
Hawaii,New Hampshire,151
Hawaii,New Jersey,305
Hawaii,New Mexico,313
Hawaii,New York,1181
Hawaii,North Carolina,3402
Hawaii,North Dakota,204
Hawaii,Ohio,735
Hawaii,Oklahoma,931
Hawaii,Oregon,2729
Hawaii,Pennsylvania,783
Hawaii,Rhode Island,0
Hawaii,South Carolina,857
Hawaii,South Dakota,0
Hawaii,Tennessee,1515
Hawaii,Texas,7986
Hawaii,Utah,2533
Hawaii,Vermont,98
Hawaii,Virginia,3116
Hawaii,Washington,3416
Hawaii,West Virginia,42
Hawaii,Wisconsin,449
Hawaii,Wyoming,55
Idaho,Alabama,0
Idaho,Alaska,497
Idaho,Arizona,2733
Idaho,Arkansas,0
Idaho,California,4224
Idaho,Colorado,1268
Idaho,Connecticut,0
Idaho,Delaware,0
Idaho,District of Columbia ,0
Idaho,Florida,1594
Idaho,Georgia,193
Idaho,Hawaii,1027
Idaho,Illinois,1093
Idaho,Indiana,887
Idaho,Iowa,111
Idaho,Kansas,449
Idaho,Kentucky,2215
Idaho,Louisiana,69
Idaho,Maine,308
Idaho,Maryland,470
Idaho,Massachusetts,44
Idaho,Michigan,509
Idaho,Minnesota,544
Idaho,Mississippi,0
Idaho,Missouri,276
Idaho,Montana,2157
Idaho,Nebraska,19
Idaho,Nevada,875
Idaho,New Hampshire,0
Idaho,New Jersey,255
Idaho,New Mexico,665
Idaho,New York,491
Idaho,North Carolina,244
Idaho,North Dakota,433
Idaho,Ohio,334
Idaho,Oklahoma,216
Idaho,Oregon,5745
Idaho,Pennsylvania,110
Idaho,Rhode Island,42
Idaho,South Carolina,0
Idaho,South Dakota,297
Idaho,Tennessee,148
Idaho,Texas,3494
Idaho,Utah,8574
Idaho,Vermont,0
Idaho,Virginia,166
Idaho,Washington,11911
Idaho,West Virginia,0
Idaho,Wisconsin,129
Idaho,Wyoming,367
Illinois,Alabama,3310
Illinois,Alaska,1024
Illinois,Arizona,13247
Illinois,Arkansas,3359
Illinois,California,22165
Illinois,Colorado,7783
Illinois,Connecticut,1513
Illinois,Delaware,191
Illinois,District of Columbia ,1066
Illinois,Florida,27622
Illinois,Georgia,6146
Illinois,Hawaii,583
Illinois,Idaho,120
Illinois,Indiana,31556
Illinois,Iowa,15699
Illinois,Kansas,2839
Illinois,Kentucky,5108
Illinois,Louisiana,2205
Illinois,Maine,180
Illinois,Maryland,1827
Illinois,Massachusetts,3415
Illinois,Michigan,10193
Illinois,Minnesota,8454
Illinois,Mississippi,3245
Illinois,Missouri,20041
Illinois,Montana,549
Illinois,Nebraska,1696
Illinois,Nevada,2938
Illinois,New Hampshire,0
Illinois,New Jersey,972
Illinois,New Mexico,482
Illinois,New York,5977
Illinois,North Carolina,6544
Illinois,North Dakota,467
Illinois,Ohio,9797
Illinois,Oklahoma,3201
Illinois,Oregon,2022
Illinois,Pennsylvania,3659
Illinois,Rhode Island,293
Illinois,South Carolina,3454
Illinois,South Dakota,841
Illinois,Tennessee,9857
Illinois,Texas,19241
Illinois,Utah,1737
Illinois,Vermont,75
Illinois,Virginia,7025
Illinois,Washington,5382
Illinois,West Virginia,564
Illinois,Wisconsin,25155
Illinois,Wyoming,214
Indiana,Alabama,1874
Indiana,Alaska,165
Indiana,Arizona,2555
Indiana,Arkansas,1241
Indiana,California,6313
Indiana,Colorado,2945
Indiana,Connecticut,237
Indiana,Delaware,50
Indiana,District of Columbia ,146
Indiana,Florida,11784
Indiana,Georgia,4151
Indiana,Hawaii,306
Indiana,Idaho,521
Indiana,Illinois,16223
Indiana,Iowa,1251
Indiana,Kansas,731
Indiana,Kentucky,11241
Indiana,Louisiana,458
Indiana,Maine,204
Indiana,Maryland,1048
Indiana,Massachusetts,819
Indiana,Michigan,12702
Indiana,Minnesota,1388
Indiana,Mississippi,2858
Indiana,Missouri,3462
Indiana,Montana,391
Indiana,Nebraska,669
Indiana,Nevada,850
Indiana,New Hampshire,327
Indiana,New Jersey,312
Indiana,New Mexico,0
Indiana,New York,2007
Indiana,North Carolina,3506
Indiana,North Dakota,113
Indiana,Ohio,14252
Indiana,Oklahoma,813
Indiana,Oregon,854
Indiana,Pennsylvania,2045
Indiana,Rhode Island,0
Indiana,South Carolina,3095
Indiana,South Dakota,144
Indiana,Tennessee,4928
Indiana,Texas,9704
Indiana,Utah,355
Indiana,Vermont,31
Indiana,Virginia,2259
Indiana,Washington,1118
Indiana,West Virginia,1227
Indiana,Wisconsin,2663
Indiana,Wyoming,227
Iowa,Alabama,704
Iowa,Alaska,26
Iowa,Arizona,3049
Iowa,Arkansas,119
Iowa,California,2461
Iowa,Colorado,2385
Iowa,Connecticut,86
Iowa,Delaware,205
Iowa,District of Columbia ,162
Iowa,Florida,3538
Iowa,Georgia,1995
Iowa,Hawaii,586
Iowa,Idaho,178
Iowa,Illinois,7727
Iowa,Indiana,311
Iowa,Kansas,3704
Iowa,Kentucky,265
Iowa,Louisiana,100
Iowa,Maine,0
Iowa,Maryland,322
Iowa,Massachusetts,79
Iowa,Michigan,506
Iowa,Minnesota,4626
Iowa,Mississippi,70
Iowa,Missouri,4904
Iowa,Montana,142
Iowa,Nebraska,6072
Iowa,Nevada,508
Iowa,New Hampshire,14
Iowa,New Jersey,163
Iowa,New Mexico,434
Iowa,New York,2352
Iowa,North Carolina,1976
Iowa,North Dakota,166
Iowa,Ohio,2395
Iowa,Oklahoma,603
Iowa,Oregon,139
Iowa,Pennsylvania,365
Iowa,Rhode Island,0
Iowa,South Carolina,1036
Iowa,South Dakota,3275
Iowa,Tennessee,588
Iowa,Texas,6379
Iowa,Utah,754
Iowa,Vermont,53
Iowa,Virginia,1388
Iowa,Washington,647
Iowa,West Virginia,0
Iowa,Wisconsin,3072
Iowa,Wyoming,30
Kansas,Alabama,357
Kansas,Alaska,800
Kansas,Arizona,3802
Kansas,Arkansas,1072
Kansas,California,4826
Kansas,Colorado,5071
Kansas,Connecticut,79
Kansas,Delaware,747
Kansas,District of Columbia ,0
Kansas,Florida,2970
Kansas,Georgia,1110
Kansas,Hawaii,1385
Kansas,Idaho,571
Kansas,Illinois,2047
Kansas,Indiana,918
Kansas,Iowa,2274
Kansas,Kentucky,3016
Kansas,Louisiana,1056
Kansas,Maine,67
Kansas,Maryland,573
Kansas,Massachusetts,747
Kansas,Michigan,1825
Kansas,Minnesota,936
Kansas,Mississippi,583
Kansas,Missouri,21037
Kansas,Montana,1031
Kansas,Nebraska,4355
Kansas,Nevada,412
Kansas,New Hampshire,41
Kansas,New Jersey,248
Kansas,New Mexico,378
Kansas,New York,1262
Kansas,North Carolina,1815
Kansas,North Dakota,306
Kansas,Ohio,803
Kansas,Oklahoma,5393
Kansas,Oregon,899
Kansas,Pennsylvania,1065
Kansas,Rhode Island,0
Kansas,South Carolina,1091
Kansas,South Dakota,906
Kansas,Tennessee,796
Kansas,Texas,12049
Kansas,Utah,964
Kansas,Vermont,0
Kansas,Virginia,1875
Kansas,Washington,1318
Kansas,West Virginia,113
Kansas,Wisconsin,1186
Kansas,Wyoming,675
Kentucky,Alabama,4216
Kentucky,Alaska,162
Kentucky,Arizona,1265
Kentucky,Arkansas,831
Kentucky,California,2010
Kentucky,Colorado,2754
Kentucky,Connecticut,233
Kentucky,Delaware,94
Kentucky,District of Columbia ,110
Kentucky,Florida,11330
Kentucky,Georgia,2027
Kentucky,Hawaii,170
Kentucky,Idaho,40
Kentucky,Illinois,3289
Kentucky,Indiana,9224
Kentucky,Iowa,393
Kentucky,Kansas,739
Kentucky,Louisiana,3041
Kentucky,Maine,512
Kentucky,Maryland,745
Kentucky,Massachusetts,399
Kentucky,Michigan,2221
Kentucky,Minnesota,443
Kentucky,Mississippi,251
Kentucky,Missouri,2042
Kentucky,Montana,26
Kentucky,Nebraska,607
Kentucky,Nevada,846
Kentucky,New Hampshire,270
Kentucky,New Jersey,112
Kentucky,New Mexico,129
Kentucky,New York,986
Kentucky,North Carolina,3906
Kentucky,North Dakota,0
Kentucky,Ohio,16598
Kentucky,Oklahoma,214
Kentucky,Oregon,942
Kentucky,Pennsylvania,921
Kentucky,Rhode Island,86
Kentucky,South Carolina,1408
Kentucky,South Dakota,57
Kentucky,Tennessee,13720
Kentucky,Texas,3841
Kentucky,Utah,368
Kentucky,Vermont,740
Kentucky,Virginia,2431
Kentucky,Washington,475
Kentucky,West Virginia,1061
Kentucky,Wisconsin,1661
Kentucky,Wyoming,568
Louisiana,Alabama,2837
Louisiana,Alaska,83
Louisiana,Arizona,1416
Louisiana,Arkansas,2311
Louisiana,California,4441
Louisiana,Colorado,1216
Louisiana,Connecticut,597
Louisiana,Delaware,468
Louisiana,District of Columbia ,0
Louisiana,Florida,4389
Louisiana,Georgia,3082
Louisiana,Hawaii,320
Louisiana,Idaho,264
Louisiana,Illinois,2373
Louisiana,Indiana,747
Louisiana,Iowa,360
Louisiana,Kansas,1097
Louisiana,Kentucky,722
Louisiana,Maine,38
Louisiana,Maryland,1281
Louisiana,Massachusetts,633
Louisiana,Michigan,1254
Louisiana,Minnesota,382
Louisiana,Mississippi,12049
Louisiana,Missouri,2063
Louisiana,Montana,106
Louisiana,Nebraska,199
Louisiana,Nevada,657
Louisiana,New Hampshire,0
Louisiana,New Jersey,353
Louisiana,New Mexico,524
Louisiana,New York,2069
Louisiana,North Carolina,2454
Louisiana,North Dakota,778
Louisiana,Ohio,1463
Louisiana,Oklahoma,2107
Louisiana,Oregon,238
Louisiana,Pennsylvania,986
Louisiana,Rhode Island,0
Louisiana,South Carolina,1913
Louisiana,South Dakota,408
Louisiana,Tennessee,2226
Louisiana,Texas,29108
Louisiana,Utah,241
Louisiana,Vermont,24
Louisiana,Virginia,2609
Louisiana,Washington,1278
Louisiana,West Virginia,572
Louisiana,Wisconsin,518
Louisiana,Wyoming,72
Maine,Alabama,0
Maine,Alaska,16
Maine,Arizona,353
Maine,Arkansas,27
Maine,California,1294
Maine,Colorado,912
Maine,Connecticut,1342
Maine,Delaware,101
Maine,District of Columbia ,61
Maine,Florida,2783
Maine,Georgia,89
Maine,Hawaii,124
Maine,Idaho,0
Maine,Illinois,0
Maine,Indiana,128
Maine,Iowa,101
Maine,Kansas,0
Maine,Kentucky,118
Maine,Louisiana,35
Maine,Maryland,990
Maine,Massachusetts,3188
Maine,Michigan,410
Maine,Minnesota,249
Maine,Mississippi,52
Maine,Missouri,182
Maine,Montana,54
Maine,Nebraska,7
Maine,Nevada,0
Maine,New Hampshire,4016
Maine,New Jersey,101
Maine,New Mexico,257
Maine,New York,731
Maine,North Carolina,1235
Maine,North Dakota,0
Maine,Ohio,761
Maine,Oklahoma,0
Maine,Oregon,406
Maine,Pennsylvania,916
Maine,Rhode Island,606
Maine,South Carolina,192
Maine,South Dakota,0
Maine,Tennessee,576
Maine,Texas,815
Maine,Utah,98
Maine,Vermont,455
Maine,Virginia,535
Maine,Washington,421
Maine,West Virginia,74
Maine,Wisconsin,186
Maine,Wyoming,15
Maryland,Alabama,493
Maryland,Alaska,548
Maryland,Arizona,2955
Maryland,Arkansas,470
Maryland,California,11042
Maryland,Colorado,3454
Maryland,Connecticut,1182
Maryland,Delaware,5639
Maryland,District of Columbia ,12735
Maryland,Florida,15173
Maryland,Georgia,5797
Maryland,Hawaii,574
Maryland,Idaho,75
Maryland,Illinois,3011
Maryland,Indiana,1192
Maryland,Iowa,0
Maryland,Kansas,871
Maryland,Kentucky,1689
Maryland,Louisiana,516
Maryland,Maine,377
Maryland,Massachusetts,3439
Maryland,Michigan,1174
Maryland,Minnesota,1330
Maryland,Mississippi,391
Maryland,Missouri,682
Maryland,Montana,0
Maryland,Nebraska,579
Maryland,Nevada,474
Maryland,New Hampshire,423
Maryland,New Jersey,2788
Maryland,New Mexico,162
Maryland,New York,7775
Maryland,North Carolina,8717
Maryland,North Dakota,281
Maryland,Ohio,2272
Maryland,Oklahoma,871
Maryland,Oregon,327
Maryland,Pennsylvania,20660
Maryland,Rhode Island,521
Maryland,South Carolina,7826
Maryland,South Dakota,144
Maryland,Tennessee,1470
Maryland,Texas,13777
Maryland,Utah,743
Maryland,Vermont,357
Maryland,Virginia,28366
Maryland,Washington,4526
Maryland,West Virginia,3876
Maryland,Wisconsin,579
Maryland,Wyoming,0
Massachusetts,Alabama,445
Massachusetts,Alaska,170
Massachusetts,Arizona,1299
Massachusetts,Arkansas,139
Massachusetts,California,17529
Massachusetts,Colorado,3949
Massachusetts,Connecticut,7630
Massachusetts,Delaware,481
Massachusetts,District of Columbia ,1664
Massachusetts,Florida,20314
Massachusetts,Georgia,2577
Massachusetts,Hawaii,656
Massachusetts,Idaho,0
Massachusetts,Illinois,3956
Massachusetts,Indiana,1010
Massachusetts,Iowa,514
Massachusetts,Kansas,1424
Massachusetts,Kentucky,239
Massachusetts,Louisiana,630
Massachusetts,Maine,5775
Massachusetts,Maryland,1753
Massachusetts,Michigan,3536
Massachusetts,Minnesota,819
Massachusetts,Mississippi,346
Massachusetts,Missouri,497
Massachusetts,Montana,413
Massachusetts,Nebraska,512
Massachusetts,Nevada,1992
Massachusetts,New Hampshire,20416
Massachusetts,New Jersey,4754
Massachusetts,New Mexico,449
Massachusetts,New York,13568
Massachusetts,North Carolina,5822
Massachusetts,North Dakota,0
Massachusetts,Ohio,3415
Massachusetts,Oklahoma,701
Massachusetts,Oregon,1425
Massachusetts,Pennsylvania,5651
Massachusetts,Rhode Island,11413
Massachusetts,South Carolina,4451
Massachusetts,South Dakota,0
Massachusetts,Tennessee,3592
Massachusetts,Texas,5528
Massachusetts,Utah,1909
Massachusetts,Vermont,3819
Massachusetts,Virginia,5622
Massachusetts,Washington,4418
Massachusetts,West Virginia,384
Massachusetts,Wisconsin,1160
Massachusetts,Wyoming,251
Michigan,Alabama,2231
Michigan,Alaska,791
Michigan,Arizona,4477
Michigan,Arkansas,584
Michigan,California,10335
Michigan,Colorado,4253
Michigan,Connecticut,819
Michigan,Delaware,153
Michigan,District of Columbia ,486
Michigan,Florida,20852
Michigan,Georgia,5592
Michigan,Hawaii,115
Michigan,Idaho,212
Michigan,Illinois,9210
Michigan,Indiana,7972
Michigan,Iowa,1504
Michigan,Kansas,825
Michigan,Kentucky,2912
Michigan,Louisiana,1637
Michigan,Maine,1320
Michigan,Maryland,1635
Michigan,Massachusetts,2118
Michigan,Minnesota,2043
Michigan,Mississippi,675
Michigan,Missouri,2369
Michigan,Montana,142
Michigan,Nebraska,665
Michigan,Nevada,1157
Michigan,New Hampshire,1002
Michigan,New Jersey,960
Michigan,New Mexico,851
Michigan,New York,3743
Michigan,North Carolina,5793
Michigan,North Dakota,411
Michigan,Ohio,15409
Michigan,Oklahoma,1395
Michigan,Oregon,2412
Michigan,Pennsylvania,3138
Michigan,Rhode Island,151
Michigan,South Carolina,2721
Michigan,South Dakota,150
Michigan,Tennessee,4814
Michigan,Texas,8070
Michigan,Utah,1477
Michigan,Vermont,107
Michigan,Virginia,3135
Michigan,Washington,3607
Michigan,West Virginia,321
Michigan,Wisconsin,4737
Michigan,Wyoming,1117
Minnesota,Alabama,915
Minnesota,Alaska,586
Minnesota,Arizona,6206
Minnesota,Arkansas,196
Minnesota,California,6221
Minnesota,Colorado,5208
Minnesota,Connecticut,106
Minnesota,Delaware,0
Minnesota,District of Columbia ,143
Minnesota,Florida,6820
Minnesota,Georgia,1042
Minnesota,Hawaii,363
Minnesota,Idaho,631
Minnesota,Illinois,4498
Minnesota,Indiana,1345
Minnesota,Iowa,6286
Minnesota,Kansas,835
Minnesota,Kentucky,434
Minnesota,Louisiana,274
Minnesota,Maine,75
Minnesota,Maryland,284
Minnesota,Massachusetts,1578
Minnesota,Michigan,1195
Minnesota,Mississippi,28
Minnesota,Missouri,2160
Minnesota,Montana,2505
Minnesota,Nebraska,2242
Minnesota,Nevada,1070
Minnesota,New Hampshire,52
Minnesota,New Jersey,353
Minnesota,New Mexico,641
Minnesota,New York,1286
Minnesota,North Carolina,3342
Minnesota,North Dakota,10670
Minnesota,Ohio,1405
Minnesota,Oklahoma,1167
Minnesota,Oregon,1693
Minnesota,Pennsylvania,2019
Minnesota,Rhode Island,0
Minnesota,South Carolina,366
Minnesota,South Dakota,3822
Minnesota,Tennessee,375
Minnesota,Texas,7291
Minnesota,Utah,531
Minnesota,Vermont,461
Minnesota,Virginia,1616
Minnesota,Washington,2131
Minnesota,West Virginia,70
Minnesota,Wisconsin,19632
Minnesota,Wyoming,59
Mississippi,Alabama,7653
Mississippi,Alaska,330
Mississippi,Arizona,1780
Mississippi,Arkansas,2568
Mississippi,California,2393
Mississippi,Colorado,597
Mississippi,Connecticut,0
Mississippi,Delaware,148
Mississippi,District of Columbia ,146
Mississippi,Florida,2984
Mississippi,Georgia,2967
Mississippi,Hawaii,219
Mississippi,Idaho,209
Mississippi,Illinois,2169
Mississippi,Indiana,1134
Mississippi,Iowa,379
Mississippi,Kansas,176
Mississippi,Kentucky,407
Mississippi,Louisiana,7505
Mississippi,Maine,214
Mississippi,Maryland,888
Mississippi,Massachusetts,78
Mississippi,Michigan,1124
Mississippi,Minnesota,415
Mississippi,Missouri,2814
Mississippi,Montana,0
Mississippi,Nebraska,353
Mississippi,Nevada,459
Mississippi,New Hampshire,0
Mississippi,New Jersey,239
Mississippi,New Mexico,1010
Mississippi,New York,447
Mississippi,North Carolina,3441
Mississippi,North Dakota,275
Mississippi,Ohio,2527
Mississippi,Oklahoma,446
Mississippi,Oregon,1070
Mississippi,Pennsylvania,1287
Mississippi,Rhode Island,0
Mississippi,South Carolina,895
Mississippi,South Dakota,231
Mississippi,Tennessee,11641
Mississippi,Texas,8663
Mississippi,Utah,216
Mississippi,Vermont,0
Mississippi,Virginia,2832
Mississippi,Washington,614
Mississippi,West Virginia,0
Mississippi,Wisconsin,559
Mississippi,Wyoming,65
Missouri,Alabama,1851
Missouri,Alaska,938
Missouri,Arizona,4476
Missouri,Arkansas,9400
Missouri,California,7981
Missouri,Colorado,6803
Missouri,Connecticut,69
Missouri,Delaware,0
Missouri,District of Columbia ,201
Missouri,Florida,9774
Missouri,Georgia,2889
Missouri,Hawaii,1129
Missouri,Idaho,359
Missouri,Illinois,15055
Missouri,Indiana,4404
Missouri,Iowa,4338
Missouri,Kansas,27726
Missouri,Kentucky,2910
Missouri,Louisiana,679
Missouri,Maine,349
Missouri,Maryland,1253
Missouri,Massachusetts,1227
Missouri,Michigan,1926
Missouri,Minnesota,2483
Missouri,Mississippi,1991
Missouri,Montana,187
Missouri,Nebraska,2835
Missouri,Nevada,1130
Missouri,New Hampshire,359
Missouri,New Jersey,336
Missouri,New Mexico,675
Missouri,New York,2335
Missouri,North Carolina,2993
Missouri,North Dakota,540
Missouri,Ohio,3410
Missouri,Oklahoma,5861
Missouri,Oregon,681
Missouri,Pennsylvania,979
Missouri,Rhode Island,287
Missouri,South Carolina,2960
Missouri,South Dakota,191
Missouri,Tennessee,5139
Missouri,Texas,21257
Missouri,Utah,977
Missouri,Vermont,126
Missouri,Virginia,4988
Missouri,Washington,2837
Missouri,West Virginia,71
Missouri,Wisconsin,2670
Missouri,Wyoming,914
Montana,Alabama,76
Montana,Alaska,534
Montana,Arizona,1419
Montana,Arkansas,76
Montana,California,2481
Montana,Colorado,3731
Montana,Connecticut,35
Montana,Delaware,0
Montana,District of Columbia ,92
Montana,Florida,1007
Montana,Georgia,1018
Montana,Hawaii,165
Montana,Idaho,2880
Montana,Illinois,317
Montana,Indiana,248
Montana,Iowa,499
Montana,Kansas,411
Montana,Kentucky,109
Montana,Louisiana,222
Montana,Maine,246
Montana,Maryland,223
Montana,Massachusetts,216
Montana,Michigan,527
Montana,Minnesota,812
Montana,Mississippi,432
Montana,Missouri,499
Montana,Nebraska,108
Montana,Nevada,515
Montana,New Hampshire,0
Montana,New Jersey,0
Montana,New Mexico,303
Montana,New York,372
Montana,North Carolina,331
Montana,North Dakota,2167
Montana,Ohio,677
Montana,Oklahoma,46
Montana,Oregon,1515
Montana,Pennsylvania,328
Montana,Rhode Island,0
Montana,South Carolina,553
Montana,South Dakota,428
Montana,Tennessee,122
Montana,Texas,1626
Montana,Utah,1548
Montana,Vermont,0
Montana,Virginia,0
Montana,Washington,4467
Montana,West Virginia,0
Montana,Wisconsin,410
Montana,Wyoming,1501
Nebraska,Alabama,756
Nebraska,Alaska,413
Nebraska,Arizona,1663
Nebraska,Arkansas,76
Nebraska,California,3619
Nebraska,Colorado,6025
Nebraska,Connecticut,0
Nebraska,Delaware,86
Nebraska,District of Columbia ,0
Nebraska,Florida,3893
Nebraska,Georgia,2097
Nebraska,Hawaii,481
Nebraska,Idaho,146
Nebraska,Illinois,881
Nebraska,Indiana,286
Nebraska,Iowa,8119
Nebraska,Kansas,2042
Nebraska,Kentucky,90
Nebraska,Louisiana,44
Nebraska,Maine,0
Nebraska,Maryland,576
Nebraska,Massachusetts,194
Nebraska,Michigan,1147
Nebraska,Minnesota,1830
Nebraska,Mississippi,59
Nebraska,Missouri,2071
Nebraska,Montana,93
Nebraska,Nevada,671
Nebraska,New Hampshire,0
Nebraska,New Jersey,167
Nebraska,New Mexico,344
Nebraska,New York,866
Nebraska,North Carolina,1052
Nebraska,North Dakota,13
Nebraska,Ohio,1796
Nebraska,Oklahoma,965
Nebraska,Oregon,96
Nebraska,Pennsylvania,328
Nebraska,Rhode Island,37
Nebraska,South Carolina,541
Nebraska,South Dakota,3735
Nebraska,Tennessee,913
Nebraska,Texas,2959
Nebraska,Utah,377
Nebraska,Vermont,27
Nebraska,Virginia,407
Nebraska,Washington,1354
Nebraska,West Virginia,0
Nebraska,Wisconsin,345
Nebraska,Wyoming,782
Nevada,Alabama,97
Nevada,Alaska,2013
Nevada,Arizona,8057
Nevada,Arkansas,84
Nevada,California,22433
Nevada,Colorado,3455
Nevada,Connecticut,149
Nevada,Delaware,0
Nevada,District of Columbia ,36
Nevada,Florida,3772
Nevada,Georgia,674
Nevada,Hawaii,502
Nevada,Idaho,3736
Nevada,Illinois,1555
Nevada,Indiana,1470
Nevada,Iowa,817
Nevada,Kansas,636
Nevada,Kentucky,270
Nevada,Louisiana,2065
Nevada,Maine,23
Nevada,Maryland,120
Nevada,Massachusetts,321
Nevada,Michigan,1684
Nevada,Minnesota,848
Nevada,Mississippi,1023
Nevada,Missouri,1481
Nevada,Montana,251
Nevada,Nebraska,567
Nevada,New Hampshire,453
Nevada,New Jersey,204
Nevada,New Mexico,868
Nevada,New York,1853
Nevada,North Carolina,857
Nevada,North Dakota,14
Nevada,Ohio,1460
Nevada,Oklahoma,1106
Nevada,Oregon,5375
Nevada,Pennsylvania,409
Nevada,Rhode Island,42
Nevada,South Carolina,375
Nevada,South Dakota,56
Nevada,Tennessee,789
Nevada,Texas,6215
Nevada,Utah,4383
Nevada,Vermont,110
Nevada,Virginia,1198
Nevada,Washington,4222
Nevada,West Virginia,27
Nevada,Wisconsin,1350
Nevada,Wyoming,286
New Hampshire,Alabama,0
New Hampshire,Alaska,0
New Hampshire,Arizona,1500
New Hampshire,Arkansas,156
New Hampshire,California,682
New Hampshire,Colorado,183
New Hampshire,Connecticut,939
New Hampshire,Delaware,157
New Hampshire,District of Columbia ,130
New Hampshire,Florida,5137
New Hampshire,Georgia,103
New Hampshire,Hawaii,0
New Hampshire,Idaho,0
New Hampshire,Illinois,42
New Hampshire,Indiana,348
New Hampshire,Iowa,0
New Hampshire,Kansas,0
New Hampshire,Kentucky,179
New Hampshire,Louisiana,0
New Hampshire,Maine,4731
New Hampshire,Maryland,1065
New Hampshire,Massachusetts,11251
New Hampshire,Michigan,622
New Hampshire,Minnesota,110
New Hampshire,Mississippi,0
New Hampshire,Missouri,0
New Hampshire,Montana,257
New Hampshire,Nebraska,0
New Hampshire,Nevada,165
New Hampshire,New Jersey,946
New Hampshire,New Mexico,538
New Hampshire,New York,2474
New Hampshire,North Carolina,1862
New Hampshire,North Dakota,0
New Hampshire,Ohio,28
New Hampshire,Oklahoma,0
New Hampshire,Oregon,0
New Hampshire,Pennsylvania,917
New Hampshire,Rhode Island,677
New Hampshire,South Carolina,787
New Hampshire,South Dakota,56
New Hampshire,Tennessee,649
New Hampshire,Texas,1166
New Hampshire,Utah,269
New Hampshire,Vermont,2877
New Hampshire,Virginia,1464
New Hampshire,Washington,580
New Hampshire,West Virginia,0
New Hampshire,Wisconsin,251
New Hampshire,Wyoming,335
New Jersey,Alabama,1213
New Jersey,Alaska,335
New Jersey,Arizona,4084
New Jersey,Arkansas,277
New Jersey,California,11666
New Jersey,Colorado,1780
New Jersey,Connecticut,4573
New Jersey,Delaware,6112
New Jersey,District of Columbia ,2382
New Jersey,Florida,30105
New Jersey,Georgia,9055
New Jersey,Hawaii,24
New Jersey,Idaho,27
New Jersey,Illinois,3488
New Jersey,Indiana,2482
New Jersey,Iowa,20
New Jersey,Kansas,613
New Jersey,Kentucky,114
New Jersey,Louisiana,629
New Jersey,Maine,389
New Jersey,Maryland,6333
New Jersey,Massachusetts,8026
New Jersey,Michigan,2313
New Jersey,Minnesota,231
New Jersey,Mississippi,154
New Jersey,Missouri,1628
New Jersey,Montana,90
New Jersey,Nebraska,255
New Jersey,Nevada,2179
New Jersey,New Hampshire,534
New Jersey,New Mexico,1021
New Jersey,New York,36401
New Jersey,North Carolina,11947
New Jersey,North Dakota,170
New Jersey,Ohio,3585
New Jersey,Oklahoma,390
New Jersey,Oregon,1143
New Jersey,Pennsylvania,43726
New Jersey,Rhode Island,1038
New Jersey,South Carolina,4921
New Jersey,South Dakota,0
New Jersey,Tennessee,2231
New Jersey,Texas,5906
New Jersey,Utah,646
New Jersey,Vermont,1343
New Jersey,Virginia,9605
New Jersey,Washington,4488
New Jersey,West Virginia,546
New Jersey,Wisconsin,1098
New Jersey,Wyoming,5
New Mexico,Alabama,58
New Mexico,Alaska,489
New Mexico,Arizona,6866
New Mexico,Arkansas,214
New Mexico,California,3822
New Mexico,Colorado,11444
New Mexico,Connecticut,0
New Mexico,Delaware,30
New Mexico,District of Columbia ,0
New Mexico,Florida,2558
New Mexico,Georgia,1619
New Mexico,Hawaii,122
New Mexico,Idaho,181
New Mexico,Illinois,1041
New Mexico,Indiana,666
New Mexico,Iowa,358
New Mexico,Kansas,683
New Mexico,Kentucky,598
New Mexico,Louisiana,1235
New Mexico,Maine,97
New Mexico,Maryland,1195
New Mexico,Massachusetts,78
New Mexico,Michigan,331
New Mexico,Minnesota,406
New Mexico,Mississippi,0
New Mexico,Missouri,605
New Mexico,Montana,1118
New Mexico,Nebraska,455
New Mexico,Nevada,2121
New Mexico,New Hampshire,102
New Mexico,New Jersey,0
New Mexico,New York,647
New Mexico,North Carolina,2306
New Mexico,North Dakota,1285
New Mexico,Ohio,1148
New Mexico,Oklahoma,1528
New Mexico,Oregon,1440
New Mexico,Pennsylvania,1335
New Mexico,Rhode Island,43
New Mexico,South Carolina,944
New Mexico,South Dakota,299
New Mexico,Tennessee,366
New Mexico,Texas,17670
New Mexico,Utah,1014
New Mexico,Vermont,101
New Mexico,Virginia,1394
New Mexico,Washington,1950
New Mexico,West Virginia,35
New Mexico,Wisconsin,1950
New Mexico,Wyoming,512
New York,Alabama,3226
New York,Alaska,380
New York,Arizona,5281
New York,Arkansas,139
New York,California,34848
New York,Colorado,6362
New York,Connecticut,27361
New York,Delaware,2907
New York,District of Columbia ,4642
New York,Florida,63033
New York,Georgia,10754
New York,Hawaii,1416
New York,Idaho,2943
New York,Illinois,8838
New York,Indiana,1512
New York,Iowa,438
New York,Kansas,1656
New York,Kentucky,3283
New York,Louisiana,2106
New York,Maine,2909
New York,Maryland,8372
New York,Massachusetts,19960
New York,Michigan,6478
New York,Minnesota,3536
New York,Mississippi,1319
New York,Missouri,3210
New York,Montana,183
New York,Nebraska,770
New York,Nevada,2770
New York,New Hampshire,1276
New York,New Jersey,64810
New York,New Mexico,1099
New York,North Carolina,25596
New York,North Dakota,2105
New York,Ohio,9067
New York,Oklahoma,1221
New York,Oregon,2842
New York,Pennsylvania,43048
New York,Rhode Island,3252
New York,South Carolina,12721
New York,South Dakota,359
New York,Tennessee,5312
New York,Texas,18925
New York,Utah,3413
New York,Vermont,4535
New York,Virginia,17983
New York,Washington,7539
New York,West Virginia,640
New York,Wisconsin,1246
New York,Wyoming,393
North Carolina,Alabama,2224
North Carolina,Alaska,1676
North Carolina,Arizona,6587
North Carolina,Arkansas,638
North Carolina,California,11400
North Carolina,Colorado,6336
North Carolina,Connecticut,1145
North Carolina,Delaware,586
North Carolina,District of Columbia ,1026
North Carolina,Florida,26708
North Carolina,Georgia,16957
North Carolina,Hawaii,843
North Carolina,Idaho,1331
North Carolina,Illinois,4544
North Carolina,Indiana,2589
North Carolina,Iowa,502
North Carolina,Kansas,1178
North Carolina,Kentucky,3796
North Carolina,Louisiana,813
North Carolina,Maine,1049
North Carolina,Maryland,6582
North Carolina,Massachusetts,3170
North Carolina,Michigan,3767
North Carolina,Minnesota,1934
North Carolina,Mississippi,357
North Carolina,Missouri,2432
North Carolina,Montana,372
North Carolina,Nebraska,1362
North Carolina,Nevada,903
North Carolina,New Hampshire,1714
North Carolina,New Jersey,6359
North Carolina,New Mexico,405
North Carolina,New York,9270
North Carolina,North Dakota,179
North Carolina,Ohio,5818
North Carolina,Oklahoma,819
North Carolina,Oregon,3570
North Carolina,Pennsylvania,7579
North Carolina,Rhode Island,673
North Carolina,South Carolina,27734
North Carolina,South Dakota,188
North Carolina,Tennessee,9388
North Carolina,Texas,17954
North Carolina,Utah,767
North Carolina,Vermont,266
North Carolina,Virginia,23916
North Carolina,Washington,5432
North Carolina,West Virginia,1889
North Carolina,Wisconsin,1853
North Carolina,Wyoming,367
North Dakota,Alabama,0
North Dakota,Alaska,210
North Dakota,Arizona,2169
North Dakota,Arkansas,225
North Dakota,California,1909
North Dakota,Colorado,1118
North Dakota,Connecticut,0
North Dakota,Delaware,167
North Dakota,District of Columbia ,0
North Dakota,Florida,1485
North Dakota,Georgia,364
North Dakota,Hawaii,0
North Dakota,Idaho,261
North Dakota,Illinois,540
North Dakota,Indiana,0
North Dakota,Iowa,495
North Dakota,Kansas,0
North Dakota,Kentucky,61
North Dakota,Louisiana,0
North Dakota,Maine,134
North Dakota,Maryland,291
North Dakota,Massachusetts,0
North Dakota,Michigan,311
North Dakota,Minnesota,9793
North Dakota,Mississippi,71
North Dakota,Missouri,190
North Dakota,Montana,1978
North Dakota,Nebraska,393
North Dakota,Nevada,0
North Dakota,New Hampshire,60
North Dakota,New Jersey,288
North Dakota,New Mexico,205
North Dakota,New York,294
North Dakota,North Carolina,177
North Dakota,Ohio,221
North Dakota,Oklahoma,13
North Dakota,Oregon,238
North Dakota,Pennsylvania,446
North Dakota,Rhode Island,173
North Dakota,South Carolina,498
North Dakota,South Dakota,1986
North Dakota,Tennessee,285
North Dakota,Texas,2456
North Dakota,Utah,482
North Dakota,Vermont,0
North Dakota,Virginia,470
North Dakota,Washington,1414
North Dakota,West Virginia,0
North Dakota,Wisconsin,414
North Dakota,Wyoming,721
Ohio,Alabama,1299
Ohio,Alaska,176
Ohio,Arizona,6322
Ohio,Arkansas,857
Ohio,California,13999
Ohio,Colorado,3169
Ohio,Connecticut,1410
Ohio,Delaware,446
Ohio,District of Columbia ,1592
Ohio,Florida,22452
Ohio,Georgia,6935
Ohio,Hawaii,510
Ohio,Idaho,82
Ohio,Illinois,6423
Ohio,Indiana,14794
Ohio,Iowa,969
Ohio,Kansas,3377
Ohio,Kentucky,15246
Ohio,Louisiana,963
Ohio,Maine,788
Ohio,Maryland,3098
Ohio,Massachusetts,1123
Ohio,Michigan,13625
Ohio,Minnesota,1134
Ohio,Mississippi,799
Ohio,Missouri,2286
Ohio,Montana,733
Ohio,Nebraska,771
Ohio,Nevada,1913
Ohio,New Hampshire,258
Ohio,New Jersey,4034
Ohio,New Mexico,1090
Ohio,New York,5284
Ohio,North Carolina,9431
Ohio,North Dakota,139
Ohio,Oklahoma,932
Ohio,Oregon,1390
Ohio,Pennsylvania,12317
Ohio,Rhode Island,623
Ohio,South Carolina,5784
Ohio,South Dakota,0
Ohio,Tennessee,6273
Ohio,Texas,9600
Ohio,Utah,1382
Ohio,Vermont,201
Ohio,Virginia,6308
Ohio,Washington,3080
Ohio,West Virginia,7299
Ohio,Wisconsin,3759
Ohio,Wyoming,473
Oklahoma,Alabama,931
Oklahoma,Alaska,184
Oklahoma,Arizona,2530
Oklahoma,Arkansas,8490
Oklahoma,California,4901
Oklahoma,Colorado,5956
Oklahoma,Connecticut,172
Oklahoma,Delaware,0
Oklahoma,District of Columbia ,0
Oklahoma,Florida,3190
Oklahoma,Georgia,3297
Oklahoma,Hawaii,1172
Oklahoma,Idaho,795
Oklahoma,Illinois,1041
Oklahoma,Indiana,1316
Oklahoma,Iowa,711
Oklahoma,Kansas,7757
Oklahoma,Kentucky,1130
Oklahoma,Louisiana,469
Oklahoma,Maine,217
Oklahoma,Maryland,831
Oklahoma,Massachusetts,261
Oklahoma,Michigan,396
Oklahoma,Minnesota,1111
Oklahoma,Mississippi,413
Oklahoma,Missouri,4602
Oklahoma,Montana,239
Oklahoma,Nebraska,795
Oklahoma,Nevada,1304
Oklahoma,New Hampshire,79
Oklahoma,New Jersey,254
Oklahoma,New Mexico,2159
Oklahoma,New York,1303
Oklahoma,North Carolina,2034
Oklahoma,North Dakota,1631
Oklahoma,Ohio,35
Oklahoma,Oregon,700
Oklahoma,Pennsylvania,1576
Oklahoma,Rhode Island,0
Oklahoma,South Carolina,228
Oklahoma,South Dakota,0
Oklahoma,Tennessee,2130
Oklahoma,Texas,24590
Oklahoma,Utah,127
Oklahoma,Vermont,71
Oklahoma,Virginia,1778
Oklahoma,Washington,3423
Oklahoma,West Virginia,49
Oklahoma,Wisconsin,790
Oklahoma,Wyoming,306
Oregon,Alabama,0
Oregon,Alaska,1896
Oregon,Arizona,13697
Oregon,Arkansas,254
Oregon,California,24050
Oregon,Colorado,2890
Oregon,Connecticut,642
Oregon,Delaware,0
Oregon,District of Columbia ,80
Oregon,Florida,3639
Oregon,Georgia,909
Oregon,Hawaii,1615
Oregon,Idaho,4735
Oregon,Illinois,1112
Oregon,Indiana,1020
Oregon,Iowa,173
Oregon,Kansas,456
Oregon,Kentucky,1044
Oregon,Louisiana,609
Oregon,Maine,181
Oregon,Maryland,916
Oregon,Massachusetts,1013
Oregon,Michigan,1265
Oregon,Minnesota,974
Oregon,Mississippi,55
Oregon,Missouri,546
Oregon,Montana,3284
Oregon,Nebraska,818
Oregon,Nevada,3113
Oregon,New Hampshire,230
Oregon,New Jersey,195
Oregon,New Mexico,2009
Oregon,New York,1414
Oregon,North Carolina,3066
Oregon,North Dakota,399
Oregon,Ohio,1737
Oregon,Oklahoma,1595
Oregon,Pennsylvania,1451
Oregon,Rhode Island,87
Oregon,South Carolina,748
Oregon,South Dakota,37
Oregon,Tennessee,2314
Oregon,Texas,6457
Oregon,Utah,5136
Oregon,Vermont,125
Oregon,Virginia,497
Oregon,Washington,31642
Oregon,West Virginia,135
Oregon,Wisconsin,1550
Oregon,Wyoming,888
Pennsylvania,Alabama,1771
Pennsylvania,Alaska,111
Pennsylvania,Arizona,3692
Pennsylvania,Arkansas,860
Pennsylvania,California,11848
Pennsylvania,Colorado,4701
Pennsylvania,Connecticut,3446
Pennsylvania,Delaware,9991
Pennsylvania,District of Columbia ,1617
Pennsylvania,Florida,31712
Pennsylvania,Georgia,4527
Pennsylvania,Hawaii,580
Pennsylvania,Idaho,937
Pennsylvania,Illinois,5261
Pennsylvania,Indiana,2764
Pennsylvania,Iowa,367
Pennsylvania,Kansas,967
Pennsylvania,Kentucky,1908
Pennsylvania,Louisiana,687
Pennsylvania,Maine,1393
Pennsylvania,Maryland,12461
Pennsylvania,Massachusetts,6014
Pennsylvania,Michigan,4263
Pennsylvania,Minnesota,1282
Pennsylvania,Mississippi,1071
Pennsylvania,Missouri,1605
Pennsylvania,Montana,271
Pennsylvania,Nebraska,285
Pennsylvania,Nevada,1559
Pennsylvania,New Hampshire,1585
Pennsylvania,New Jersey,24132
Pennsylvania,New Mexico,1086
Pennsylvania,New York,19339
Pennsylvania,North Carolina,12058
Pennsylvania,North Dakota,733
Pennsylvania,Ohio,16881
Pennsylvania,Oklahoma,941
Pennsylvania,Oregon,1107
Pennsylvania,Rhode Island,422
Pennsylvania,South Carolina,7040
Pennsylvania,South Dakota,194
Pennsylvania,Tennessee,2504
Pennsylvania,Texas,9143
Pennsylvania,Utah,1104
Pennsylvania,Vermont,520
Pennsylvania,Virginia,13013
Pennsylvania,Washington,3105
Pennsylvania,West Virginia,6291
Pennsylvania,Wisconsin,1537
Pennsylvania,Wyoming,146
Rhode Island,Alabama,0
Rhode Island,Alaska,38
Rhode Island,Arizona,323
Rhode Island,Arkansas,0
Rhode Island,California,1738
Rhode Island,Colorado,706
Rhode Island,Connecticut,2136
Rhode Island,Delaware,187
Rhode Island,District of Columbia ,87
Rhode Island,Florida,4219
Rhode Island,Georgia,196
Rhode Island,Hawaii,0
Rhode Island,Idaho,0
Rhode Island,Illinois,414
Rhode Island,Indiana,0
Rhode Island,Iowa,0
Rhode Island,Kansas,0
Rhode Island,Kentucky,0
Rhode Island,Louisiana,0
Rhode Island,Maine,317
Rhode Island,Maryland,138
Rhode Island,Massachusetts,10630
Rhode Island,Michigan,42
Rhode Island,Minnesota,202
Rhode Island,Mississippi,0
Rhode Island,Missouri,40
Rhode Island,Montana,0
Rhode Island,Nebraska,70
Rhode Island,Nevada,88
Rhode Island,New Hampshire,864
Rhode Island,New Jersey,223
Rhode Island,New Mexico,0
Rhode Island,New York,1362
Rhode Island,North Carolina,1535
Rhode Island,North Dakota,0
Rhode Island,Ohio,42
Rhode Island,Oklahoma,56
Rhode Island,Oregon,0
Rhode Island,Pennsylvania,535
Rhode Island,South Carolina,1684
Rhode Island,South Dakota,0
Rhode Island,Tennessee,183
Rhode Island,Texas,933
Rhode Island,Utah,50
Rhode Island,Vermont,235
Rhode Island,Virginia,1810
Rhode Island,Washington,225
Rhode Island,West Virginia,0
Rhode Island,Wisconsin,27
Rhode Island,Wyoming,88
South Carolina,Alabama,1218
South Carolina,Alaska,389
South Carolina,Arizona,2252
South Carolina,Arkansas,121
South Carolina,California,4896
South Carolina,Colorado,3203
South Carolina,Connecticut,1811
South Carolina,Delaware,470
South Carolina,District of Columbia ,408
South Carolina,Florida,15250
South Carolina,Georgia,16328
South Carolina,Hawaii,1072
South Carolina,Idaho,62
South Carolina,Illinois,3542
South Carolina,Indiana,2473
South Carolina,Iowa,174
South Carolina,Kansas,287
South Carolina,Kentucky,1440
South Carolina,Louisiana,1205
South Carolina,Maine,503
South Carolina,Maryland,2515
South Carolina,Massachusetts,1135
South Carolina,Michigan,2627
South Carolina,Minnesota,151
South Carolina,Mississippi,658
South Carolina,Missouri,2259
South Carolina,Montana,675
South Carolina,Nebraska,72
South Carolina,Nevada,615
South Carolina,New Hampshire,1027
South Carolina,New Jersey,1242
South Carolina,New Mexico,1270
South Carolina,New York,4457
South Carolina,North Carolina,26091
South Carolina,North Dakota,114
South Carolina,Ohio,4605
South Carolina,Oklahoma,803
South Carolina,Oregon,817
South Carolina,Pennsylvania,3272
South Carolina,Rhode Island,43
South Carolina,South Dakota,612
South Carolina,Tennessee,6061
South Carolina,Texas,8806
South Carolina,Utah,246
South Carolina,Vermont,178
South Carolina,Virginia,8776
South Carolina,Washington,2025
South Carolina,West Virginia,2329
South Carolina,Wisconsin,619
South Carolina,Wyoming,54
South Dakota,Alabama,281
South Dakota,Alaska,175
South Dakota,Arizona,913
South Dakota,Arkansas,146
South Dakota,California,1296
South Dakota,Colorado,2176
South Dakota,Connecticut,0
South Dakota,Delaware,0
South Dakota,District of Columbia ,0
South Dakota,Florida,3062
South Dakota,Georgia,522
South Dakota,Hawaii,50
South Dakota,Idaho,0
South Dakota,Illinois,746
South Dakota,Indiana,0
South Dakota,Iowa,1664
South Dakota,Kansas,381
South Dakota,Kentucky,132
South Dakota,Louisiana,291
South Dakota,Maine,71
South Dakota,Maryland,154
South Dakota,Massachusetts,52
South Dakota,Michigan,354
South Dakota,Minnesota,3896
South Dakota,Mississippi,0
South Dakota,Missouri,522
South Dakota,Montana,375
South Dakota,Nebraska,2753
South Dakota,Nevada,3
South Dakota,New Hampshire,0
South Dakota,New Jersey,0
South Dakota,New Mexico,0
South Dakota,New York,431
South Dakota,North Carolina,57
South Dakota,North Dakota,1225
South Dakota,Ohio,134
South Dakota,Oklahoma,302
South Dakota,Oregon,354
South Dakota,Pennsylvania,455
South Dakota,Rhode Island,0
South Dakota,South Carolina,200
South Dakota,Tennessee,1722
South Dakota,Texas,1979
South Dakota,Utah,318
South Dakota,Vermont,0
South Dakota,Virginia,223
South Dakota,Washington,163
South Dakota,West Virginia,45
South Dakota,Wisconsin,374
South Dakota,Wyoming,750
Tennessee,Alabama,12228
Tennessee,Alaska,171
Tennessee,Arizona,1291
Tennessee,Arkansas,5492
Tennessee,California,8060
Tennessee,Colorado,1444
Tennessee,Connecticut,743
Tennessee,Delaware,103
Tennessee,District of Columbia ,690
Tennessee,Florida,13285
Tennessee,Georgia,18283
Tennessee,Hawaii,723
Tennessee,Idaho,482
Tennessee,Illinois,7084
Tennessee,Indiana,5409
Tennessee,Iowa,588
Tennessee,Kansas,1159
Tennessee,Kentucky,12498
Tennessee,Louisiana,1561
Tennessee,Maine,583
Tennessee,Maryland,1670
Tennessee,Massachusetts,2139
Tennessee,Michigan,4017
Tennessee,Minnesota,1220
Tennessee,Mississippi,10004
Tennessee,Missouri,3153
Tennessee,Montana,240
Tennessee,Nebraska,920
Tennessee,Nevada,837
Tennessee,New Hampshire,246
Tennessee,New Jersey,431
Tennessee,New Mexico,776
Tennessee,New York,3144
Tennessee,North Carolina,7476
Tennessee,North Dakota,644
Tennessee,Ohio,5467
Tennessee,Oklahoma,2210
Tennessee,Oregon,303
Tennessee,Pennsylvania,2566
Tennessee,Rhode Island,0
Tennessee,South Carolina,5666
Tennessee,South Dakota,301
Tennessee,Texas,12229
Tennessee,Utah,814
Tennessee,Vermont,305
Tennessee,Virginia,7963
Tennessee,Washington,2567
Tennessee,West Virginia,2631
Tennessee,Wisconsin,1330
Tennessee,Wyoming,104
Texas,Alabama,5719
Texas,Alaska,2322
Texas,Arizona,20245
Texas,Arkansas,15531
Texas,California,37810
Texas,Colorado,26930
Texas,Connecticut,4044
Texas,Delaware,378
Texas,District of Columbia ,1036
Texas,Florida,24197
Texas,Georgia,22746
Texas,Hawaii,4180
Texas,Idaho,2605
Texas,Illinois,13412
Texas,Indiana,6321
Texas,Iowa,3400
Texas,Kansas,7554
Texas,Kentucky,6360
Texas,Louisiana,23588
Texas,Maine,2386
Texas,Maryland,7408
Texas,Massachusetts,4116
Texas,Michigan,7873
Texas,Minnesota,4757
Texas,Mississippi,5853
Texas,Missouri,10799
Texas,Montana,2198
Texas,Nebraska,6429
Texas,Nevada,5129
Texas,New Hampshire,786
Texas,New Jersey,6504
Texas,New Mexico,14250
Texas,New York,14708
Texas,North Carolina,18748
Texas,North Dakota,1098
Texas,Ohio,8189
Texas,Oklahoma,31551
Texas,Oregon,5403
Texas,Pennsylvania,9760
Texas,Rhode Island,960
Texas,South Carolina,5387
Texas,South Dakota,279
Texas,Tennessee,12046
Texas,Utah,7528
Texas,Vermont,427
Texas,Virginia,14918
Texas,Washington,18425
Texas,West Virginia,516
Texas,Wisconsin,3977
Texas,Wyoming,1354
Utah,Alabama,79
Utah,Alaska,410
Utah,Arizona,5828
Utah,Arkansas,712
Utah,California,9440
Utah,Colorado,4833
Utah,Connecticut,1305
Utah,Delaware,99
Utah,District of Columbia ,215
Utah,Florida,3558
Utah,Georgia,1123
Utah,Hawaii,413
Utah,Idaho,6626
Utah,Illinois,2642
Utah,Indiana,608
Utah,Iowa,506
Utah,Kansas,1170
Utah,Kentucky,1201
Utah,Louisiana,603
Utah,Maine,142
Utah,Maryland,1852
Utah,Massachusetts,466
Utah,Michigan,599
Utah,Minnesota,626
Utah,Mississippi,468
Utah,Missouri,2886
Utah,Montana,891
Utah,Nebraska,448
Utah,Nevada,7133
Utah,New Hampshire,31
Utah,New Jersey,19
Utah,New Mexico,1199
Utah,New York,364
Utah,North Carolina,1735
Utah,North Dakota,321
Utah,Ohio,1922
Utah,Oklahoma,1944
Utah,Oregon,2512
Utah,Pennsylvania,2041
Utah,Rhode Island,194
Utah,South Carolina,2112
Utah,South Dakota,76
Utah,Tennessee,1186
Utah,Texas,6287
Utah,Vermont,329
Utah,Virginia,2847
Utah,Washington,7466
Utah,West Virginia,111
Utah,Wisconsin,1252
Utah,Wyoming,911
Vermont,Alabama,0
Vermont,Alaska,5
Vermont,Arizona,37
Vermont,Arkansas,0
Vermont,California,1641
Vermont,Colorado,1043
Vermont,Connecticut,595
Vermont,Delaware,305
Vermont,District of Columbia ,213
Vermont,Florida,1723
Vermont,Georgia,431
Vermont,Hawaii,0
Vermont,Idaho,64
Vermont,Illinois,76
Vermont,Indiana,30
Vermont,Iowa,0
Vermont,Kansas,0
Vermont,Kentucky,0
Vermont,Louisiana,0
Vermont,Maine,997
Vermont,Maryland,44
Vermont,Massachusetts,1979
Vermont,Michigan,142
Vermont,Minnesota,85
Vermont,Mississippi,0
Vermont,Missouri,236
Vermont,Montana,56
Vermont,Nebraska,0
Vermont,Nevada,26
Vermont,New Hampshire,1725
Vermont,New Jersey,0
Vermont,New Mexico,192
Vermont,New York,4072
Vermont,North Carolina,1208
Vermont,North Dakota,0
Vermont,Ohio,314
Vermont,Oklahoma,152
Vermont,Oregon,495
Vermont,Pennsylvania,1002
Vermont,Rhode Island,134
Vermont,South Carolina,439
Vermont,South Dakota,0
Vermont,Tennessee,77
Vermont,Texas,569
Vermont,Utah,0
Vermont,Virginia,607
Vermont,Washington,8
Vermont,West Virginia,0
Vermont,Wisconsin,110
Vermont,Wyoming,0
Virginia,Alabama,5221
Virginia,Alaska,654
Virginia,Arizona,4956
Virginia,Arkansas,900
Virginia,California,17725
Virginia,Colorado,9260
Virginia,Connecticut,2294
Virginia,Delaware,1458
Virginia,District of Columbia ,7773
Virginia,Florida,31798
Virginia,Georgia,6992
Virginia,Hawaii,3987
Virginia,Idaho,804
Virginia,Illinois,4710
Virginia,Indiana,2453
Virginia,Iowa,298
Virginia,Kansas,1368
Virginia,Kentucky,3673
Virginia,Louisiana,1330
Virginia,Maine,874
Virginia,Maryland,26522
Virginia,Massachusetts,4260
Virginia,Michigan,4095
Virginia,Minnesota,810
Virginia,Mississippi,695
Virginia,Missouri,3228
Virginia,Montana,248
Virginia,Nebraska,674
Virginia,Nevada,1616
Virginia,New Hampshire,836
Virginia,New Jersey,2011
Virginia,New Mexico,987
Virginia,New York,9302
Virginia,North Carolina,27843
Virginia,North Dakota,132
Virginia,Ohio,6695
Virginia,Oklahoma,1352
Virginia,Oregon,1628
Virginia,Pennsylvania,10010
Virginia,Rhode Island,1278
Virginia,South Carolina,6507
Virginia,South Dakota,157
Virginia,Tennessee,8172
Virginia,Texas,18731
Virginia,Utah,1526
Virginia,Vermont,903
Virginia,Washington,5887
Virginia,West Virginia,6646
Virginia,Wisconsin,869
Virginia,Wyoming,197
Washington,Alabama,2125
Washington,Alaska,2558
Washington,Arizona,17560
Washington,Arkansas,1328
Washington,California,38007
Washington,Colorado,6686
Washington,Connecticut,1062
Washington,Delaware,0
Washington,District of Columbia ,387
Washington,Florida,9045
Washington,Georgia,3520
Washington,Hawaii,4351
Washington,Idaho,14955
Washington,Illinois,2855
Washington,Indiana,1192
Washington,Iowa,1244
Washington,Kansas,1064
Washington,Kentucky,1238
Washington,Louisiana,884
Washington,Maine,283
Washington,Maryland,1881
Washington,Massachusetts,2069
Washington,Michigan,3169
Washington,Minnesota,5889
Washington,Mississippi,128
Washington,Missouri,2521
Washington,Montana,5450
Washington,Nebraska,654
Washington,Nevada,6231
Washington,New Hampshire,198
Washington,New Jersey,1507
Washington,New Mexico,2714
Washington,New York,1962
Washington,North Carolina,6790
Washington,North Dakota,683
Washington,Ohio,2032
Washington,Oklahoma,1258
Washington,Oregon,21672
Washington,Pennsylvania,3059
Washington,Rhode Island,501
Washington,South Carolina,3842
Washington,South Dakota,567
Washington,Tennessee,3245
Washington,Texas,16855
Washington,Utah,8186
Washington,Vermont,165
Washington,Virginia,6404
Washington,West Virginia,185
Washington,Wisconsin,1938
Washington,Wyoming,373
West Virginia,Alabama,176
West Virginia,Alaska,0
West Virginia,Arizona,29
West Virginia,Arkansas,72
West Virginia,California,1246
West Virginia,Colorado,238
West Virginia,Connecticut,181
West Virginia,Delaware,124
West Virginia,District of Columbia ,294
West Virginia,Florida,5760
West Virginia,Georgia,1277
West Virginia,Hawaii,0
West Virginia,Idaho,154
West Virginia,Illinois,869
West Virginia,Indiana,477
West Virginia,Iowa,0
West Virginia,Kansas,90
West Virginia,Kentucky,3776
West Virginia,Louisiana,567
West Virginia,Maine,0
West Virginia,Maryland,5422
West Virginia,Massachusetts,115
West Virginia,Michigan,115
West Virginia,Minnesota,0
West Virginia,Mississippi,285
West Virginia,Missouri,59
West Virginia,Montana,0
West Virginia,Nebraska,41
West Virginia,Nevada,0
West Virginia,New Hampshire,0
West Virginia,New Jersey,304
West Virginia,New Mexico,204
West Virginia,New York,1126
West Virginia,North Carolina,4624
West Virginia,North Dakota,0
West Virginia,Ohio,6260
West Virginia,Oklahoma,0
West Virginia,Oregon,185
West Virginia,Pennsylvania,5485
West Virginia,Rhode Island,0
West Virginia,South Carolina,1299
West Virginia,South Dakota,0
West Virginia,Tennessee,1705
West Virginia,Texas,924
West Virginia,Utah,75
West Virginia,Vermont,0
West Virginia,Virginia,2423
West Virginia,Washington,182
West Virginia,Wisconsin,265
West Virginia,Wyoming,118
Wisconsin,Alabama,996
Wisconsin,Alaska,340
Wisconsin,Arizona,7788
Wisconsin,Arkansas,130
Wisconsin,California,5364
Wisconsin,Colorado,3100
Wisconsin,Connecticut,328
Wisconsin,Delaware,0
Wisconsin,District of Columbia ,346
Wisconsin,Florida,7573
Wisconsin,Georgia,2627
Wisconsin,Hawaii,142
Wisconsin,Idaho,42
Wisconsin,Illinois,13965
Wisconsin,Indiana,3228
Wisconsin,Iowa,4333
Wisconsin,Kansas,948
Wisconsin,Kentucky,935
Wisconsin,Louisiana,407
Wisconsin,Maine,102
Wisconsin,Maryland,1731
Wisconsin,Massachusetts,703
Wisconsin,Michigan,3613
Wisconsin,Minnesota,15270
Wisconsin,Mississippi,1243
Wisconsin,Missouri,1546
Wisconsin,Montana,774
Wisconsin,Nebraska,336
Wisconsin,Nevada,1151
Wisconsin,New Hampshire,198
Wisconsin,New Jersey,505
Wisconsin,New Mexico,285
Wisconsin,New York,1935
Wisconsin,North Carolina,1920
Wisconsin,North Dakota,475
Wisconsin,Ohio,2778
Wisconsin,Oklahoma,392
Wisconsin,Oregon,419
Wisconsin,Pennsylvania,1725
Wisconsin,Rhode Island,77
Wisconsin,South Carolina,1643
Wisconsin,South Dakota,37
Wisconsin,Tennessee,1492
Wisconsin,Texas,5844
Wisconsin,Utah,1346
Wisconsin,Vermont,179
Wisconsin,Virginia,1631
Wisconsin,Washington,3381
Wisconsin,West Virginia,437
Wisconsin,Wyoming,29
Wyoming,Alabama,74
Wyoming,Alaska,192
Wyoming,Arizona,929
Wyoming,Arkansas,0
Wyoming,California,1526
Wyoming,Colorado,1951
Wyoming,Connecticut,0
Wyoming,Delaware,0
Wyoming,District of Columbia ,68
Wyoming,Florida,744
Wyoming,Georgia,1339
Wyoming,Hawaii,178
Wyoming,Idaho,856
Wyoming,Illinois,93
Wyoming,Indiana,1008
Wyoming,Iowa,240
Wyoming,Kansas,606
Wyoming,Kentucky,0
Wyoming,Louisiana,97
Wyoming,Maine,0
Wyoming,Maryland,147
Wyoming,Massachusetts,44
Wyoming,Michigan,101
Wyoming,Minnesota,424
Wyoming,Mississippi,747
Wyoming,Missouri,610
Wyoming,Montana,1949
Wyoming,Nebraska,960
Wyoming,Nevada,791
Wyoming,New Hampshire,0
Wyoming,New Jersey,0
Wyoming,New Mexico,248
Wyoming,New York,18
Wyoming,North Carolina,1046
Wyoming,North Dakota,290
Wyoming,Ohio,75
Wyoming,Oklahoma,641
Wyoming,Oregon,1277
Wyoming,Pennsylvania,156
Wyoming,Rhode Island,0
Wyoming,South Carolina,266
Wyoming,South Dakota,651
Wyoming,Tennessee,121
Wyoming,Texas,2327
Wyoming,Utah,1534
Wyoming,Vermont,45
Wyoming,Virginia,266
Wyoming,Washington,1237
Wyoming,West Virginia,0
Wyoming,Wisconsin,206
